example_english,example_korean
The little house lies near the quiet park.,작은 집은 조용한 공원 옆에 있어요.
The colorful blanket lies on the neat bed.,화려한 이불이 단정한 침대 위에 펼쳐져 있어요.
Plants need water to support life every day.,식물은 매일 생명을 유지하기 위해 물이 필요해요.
Every day my life is fun and simple.,매일 내 생활은 재미있고 단순해요.
My life is always full of fun moments.,내 인생은 매일 웃음과 꿈으로 가득해요 정말 행복해요.
The empty room feels lifeless without any art.,빈 방은 활기가 없어요.
He always enjoys adventures for his entire lifetime.,그는 평생 모험을 항상 즐겨요.
My tiny goldfish has a very short lifetime.,내 작은 금붕어는 아주 짧은 수명을 가지고 있어요.
The small lamp lights up our dark room.,작은 램프가 우리 어두운 방을 밝게 비추어요.
This bright lamp gives a warm soft light.,이 밝은 전등은 따뜻한 부드러운 빛을 줘요.
I quickly switch on the light for dinner.,저는 저녁을 위해 전등을 빨리 켜요.
"Everyone has a light, unique perspective in life.",모든 사람은 인생에서 고유한 관점을 가져요.
We always light up our house with lamps.,우리는 항상 전등으로 우리 집을 밝혀요.
The stars always light up the dark night.,별들은 항상 어두운 밤을 환하게 해요.
The lighthouse shines bright near the rocky sea.,등대가 바위 근처에서 밝게 빛나요.
The huge lightning struck the tall oak tree.,커다란 번개가 큰 참나무를 쳤어요.
I like to play soccer with my friends.,나는 친구들과 축구를 하는 것을 좋아해요.
This apple is just like a red pear.,이 사과는 빨간 배와 같은 모양이에요.
Anna and Tom are like-minded friends at school.,안나와 톰은 뜻이 같은 친구에요.
We squeeze a lime into our water today.,오늘 우리는 물에 라임을 짜 넣어요.
Farmers often add lime to the garden soil.,농부들이 자주 정원 흙에 석회를 넣어요.
The school has limited resources for new books.,학교에는 새로운 책을 위한 제한된 자원이 있어요.
All students must line up at the door.,모든 학생은 문 앞에서 줄 서야 해요.
Please draw a blue line on your paper.,종이에 파란 줄을 그려 주세요.
The red line runs exactly along the road.,빨간 선은 도로를 따라 정확하게 뻗어요.
I draw a small line in my notebook.,나는 내 공책에 작은 행을 그려요.
A moving line in a song comforts me.,노래 가사의 한 줄이 내 마음을 위로해요.
The actor recited his famous line on stage.,그 배우는 무대에서 유명한 대사를 암송했어요.
The actor memorized every line for the play.,배우는 연극의 대사를 외웠어요.
The phone line always works during school hours.,학교 시간 동안 전화선은 항상 작동해요.
The bus follows a new line route daily.,버스는 새로운 노선으로 매일 운행해요.
The children always line up neatly before class.,어린이들은 항상 교실 전에 줄을 서요.
The strong lion sleeps under the bright sun.,강한 사자가 밝은 태양 아래에서 자고 있어요.
Please listen to the teacher's kind voice now,제발 선생님의 친절한 목소리를 지금 들어요.
The listener happily listens to the clear music.,청취자는 맑은 음악을 행복하게 들어요.
My literary friend enjoys reading classic short novels.,내 문학적인 친구는 고전 소설을 즐겨 읽어요.
I read literature and learn history every day.,나는 매일 문학을 읽고 역사를 배워요.
I love reading literature for a printed guide.,저는 인쇄된 안내를 위해 문학 읽기를 좋아해요.
That little boy laughs with his best friend.,저 어린 소년은 친구와 함께 웃어요.
My little sister happily baked a tasty cake.,내 작은 여동생은 기쁘게 맛있는 케이크를 구웠어요.
I have very little money to buy apples.,나는 사과를 사기 위해 거의 없는 돈이 있어요.
Family members live together in a warm home.,가족 구성원들이 따뜻한 집에서 함께 살아요.
I saw a live fish at the zoo.,저는 동물원에서 살아있는 물고기를 봤어요.
I watched live news on my computer today.,나는 오늘 내 컴퓨터로 생방송 뉴스 봤어요.
He always chooses to live by his creed.,그는 언제나 자신의 신조에 따라 살아요.
The lively crowd happily cheered at the game.,활기 넘치는 군중이 경기장에서 행복하게 응원했어요.
The lively dance party excited all young students.,격렬한 댄스 파티가 모든 학생들을 신나게 했어요.
The small green lizard climbs the tall tree.,작은 초록 도마뱀이 높은 나무를 올라요.
Our classroom location is close to the park.,우리 교실 위치는 공원 가까이에 있어요.
The location scout finds places for movie shooting.,촬영 장소를 섭외하는 사람 영화 촬영지를 찾아요.
I always keep my lunch in my locker.,나는 항상 내 사물함에 점심을 보관해요.
The teacher explains logic in simple class problems.,선생님은 쉬운 수업 문제에서 논리를 설명해요.
His simple plan is logical and very fitting.,그의 간단한 계획은 논리적이고 아주 적절해요.
My friend always uses logical steps to explain.,내 친구는 항상 논리적인 방법으로 설명해요.
Loneliness can really feel deep and hard sometimes.,고독은 때로 정말 깊고 힘들어요.
The lonely man sits by the old river.,고독한 남자가 오래된 강가에 앉아요.
The lonely girl sings a very soft song.,외로운 소녀가 아주 부드러운 노래를 불러요.
I really long for a small sweet candy.,저는 정말로 작은 달콤한 사탕을 갈망해요.
My pencil is long and very thin today.,내 연필은 길이가 길고 매우 얇아요.
My homework paper is really long and heavy.,내 숙제 종이가 정말 길고 무거워요.
She feels a deep longing for new friends.,그녀는 새로운 친구들을 간절히 바라고 있어요.
Every heart feels a strong longing for love.,모든 마음은 사랑을 간절히 바라는 감정을 느껴요.
I always look at the shining bright stars.,나는 항상 반짝이는 밝은 별들을 봐요.
The old building looks like a castle now.,오래된 건물이 지금 성처럼 보여요.
I gave a very friendly look to Emma.,나는 에마에게 아주 친근한 눈길을 보냈어요.
Her look is always simple and very charming.,그녀의 외모는 항상 단순하고 매우 매력적이에요.
Her bright happy look makes everyone feel cheerful.,그녀의 밝은 행복한 표정이 모두를 기쁘게 해요.
I often look across the street at cats.,나는 자주 길 건너다봐요.
I look after my little brother each day.,나는 매일 내 동생을 돌봐요.
Please look at the very beautiful blue sky.,아주 아름다운 파란 하늘을 보세요.
I sometimes look back and regret my mistakes.,나는 가끔 뒤돌아보고 실수를 후회해요.
Please quickly look back on your happy memories.,항상 행복한 기억을 되돌아보세요.
I always look for my missing black cat.,저는 항상 잃어버린 검은 고양이를 찾아요.
We really look forward to the school picnic.,우리는 학교 소풍을 정말 기대해요.
My mom will look into the strange noise.,우리 엄마가 이상한 소음을 들여다볼 거예요.
My best friend looks like a movie star.,내 가장 친한 친구는 영화배우처럼 보여요.
We often look up at the clear sky.,우리는 자주 맑은 하늘을 올려다 봐요.
Please quickly look up new words in dictionary.,사전에서 새 단어들을 빨리 찾아보세요.
The knot was tied loosely in the wind.,매듭이 바람에 느슨하게 묶였어요.
She can really loosen the knot with ease.,그녀는 매듭을 쉽게 풀 수 있어요.
My teacher helps me loosen tight knots easily.,선생님이 제 단단한 매듭을 느슨하게 해 주세요.
Tom always listens to music to loosen up.,톰은 항상 음악을 들어서 긴장을 풀어요.
There are lots of apples on the table.,테이블 위에 사과가 많아요요.
The teacher spoke very loudly in the classroom.,선생님이 교실에서 큰 소리로 말했어요.
I really love spending time with my friends.,저는 정말 친구들과 시간을 보내는 것을 사랑해요.
My dog is lovely and full of joy.,내 강아지는 사랑스럽고 기쁨이 가득해요.
The lovely puppy runs fast in the park.,아주 좋은 강아지가 공원에서 빠르게 달려요.
The low was recorded during the cold day.,추운 날에 최저치가 기록되었어요.
The bird sits on a very low branch.,새가 매우 낮은 가지에 앉아 있어요.
Please lower your voice in the classroom now.,제발 교실에서 목소리를 낮춰 주세요요.
Please use the lower shelf for our toys.,장난감을 위해 아래쪽 선반을 사용해 주세요.
A true friend shows loyalty to our group.,진정한 친구는 우리에게 충성을 보여요.
Good luck always makes our games extra fun.,좋은 운은 언제나 우리 게임을 더욱 재미있게 해요.
"Luckily, my friend quickly found a lost wallet.","다행히, 내 친구가 잃어버린 지갑을 빨리 찾았어요."
My brother is always lucky on his birthday.,내 동생은 생일에 항상 운이 좋아요.
The lunar surface glows under the starry sky.,달의 표면이 별빛 아래서 빛나요.
I always eat a warm lunch at school.,저는 항상 학교에서 따뜻한 점심식사를 먹어요.
Our class enjoys a long lunch break today.,우리 반은 오늘 긴 점심시간을 즐겨요.
School friends talk happily at lunchtime every day.,학교 친구들은 매일 점심시간에 즐겁게 이야기해요.
My lung helps me breathe air every day.,내 폐가 매일 공기를 마시도록 도와줘요.
My small lung helps me breathe fresh air.,내 작은 폐는 신선한 공기를 숨 쉬게 도와요.
The hotel room was truly luxurious and comfortable.,호텔 방은 정말 사치스러워요.
I always get mad when they tease me.,나는 그들이 놀릴 때 항상 화가 나요.
The mad dog barked loudly at the stranger.,미친 개가 낯선 사람에게 크게 짖어요.
I baked a sweet madeleine with my friend.,나는 친구와 함께 달콤한 마들렌을 구웠어요.
The puppy ran madly around the backyard today.,강아지가 오늘 미친 듯이 뒷마당에서 뛰어다녔어요.
The magician did a magic trick on stage.,마술사는 무대에서 마술 묘기를 했어요.
The fairy used magical wand to transform objects.,요정은 마술적인 지팡이로 물건을 변신시켰어요.
The magician skillfully performed tricks for happy children.,마술사가 능숙하게 마술을 보여줬어요.
A simple magnet can stick on metal easily.,간단한 자석은 금속에 쉽게 달라붙을 수 있어요.
Please mail that letter to my school friend.,제발 그 편지를 내 학교 친구에게 부쳐 주세요.
The postman quickly delivered our important mail today.,우체부가 오늘 중요한 우편을 배달했어요.
The mail carrier brings letters to us daily.,우편배달부가 매일 우리에게 편지를 가져와요.
I put my letter in the red mailbox.,나는 빨간 우체통에 내 편지를 넣어요.
She eats vegetables mainly for a healthy lifestyle.,그녀는 건강한 생활을 위해 채소를 주로 먹어요.
Time makes a little seed become a tree.,시간은 작은 씨앗이 나무가 돼요.
I make a small kite with bright colors.,나는 밝은 색깔로 작은 연을 만들어요.
I want to make money by working hard.,나는 열심히 일하면서 돈을 벌고 싶어요.
I will make a copy of my homework.,나는 숙제를 복사할 거예요.
I will make a good decision right now.,나는 지금 좋은 결정을 할 거예요.
I want to make a friend at school.,나는 학교에서 친구를 사귀고 싶어요.
They always work hard to make a living.,그들은 항상 열심히 일해서 생계를 이어가요.
I sometimes make a mistake in math tests.,나는 때때로 수학 시험에서 실수해요.
We always make a signal before class starts.,우리는 수업 시작 전에 항상 신호해요.
Your help will make a world of difference.,너의 도움은 큰 차이를 만들어요.
We will make an arrangement for a meetup.,우리는 만남을 위해 약속을 정할 거예요.
I like to make many friends at school.,나는 학교에서 많은 친구를 사귀어요.
Friendly students sometimes make fun of noisy classmates.,친절한 학생들은 때때로 시끄러운 반 친구들을 놀려요.
I hope to make it to art class.,저는 미술 수업에 꼭 참석하고 싶어요.
They make it at the park every Sunday.,그들은 매주 일요일 공원에서 만나기로 해요.
They barely make it to school on time.,그들은 간신히 제시간에 학교에 도착해요.
You definitely can make it if you try.,너는 분명히 해낼 수 있어요.
Do not make much noise in our classroom.,우리 교실에서 너무 많이 소란스럽게 하지 마세요.
A kind word can make one's day brighter.,친절한 말이 하루를 더 즐겁게 할 수 있어요.
They always make up puzzles and fun games.,그들은 매일 항상 재미있는 퍼즐과 놀라운 게임을 만들어요.
They always make up fun games after school.,그 아이들은 매일 학교 후에 재미있는 게임을 지어내요.
I went to the mall with my friends.,나는 내 친구들과 쇼핑몰에 갔어요~요.
The kind man always helps his dear friends.,친절한 사람은 언제나 소중한 친구들을 도와줘요.
A tall man drinks water in the park.,키 큰 남자가 공원에서 물을 마셔요.
The smart manager organizes the team at work.,똑똑한 관리자는 회사에서 팀을 관리해요.
The skilled manager leads the team during games.,숙련된 감독은 경기 중에 팀을 이끌어요.
My history book clearly shows maps of Manchuria.,내 역사 책은 만주의 지도를 분명히 보여줘요.
Good manners always show respect to everyone daily.,좋은 예의는 항상 모두에게 존경을 보여줘요.
There are many red apples in the basket.,바구니에는 많은 빨간 사과가 있어요.
He maps the neighborhood carefully on his paper.,그는 종이에 동네를 상세하게 그려요.
Young scientists map new stars in night sky.,어린 과학자들이 밤하늘의 새로운 별들을 밝혀내요.
I always use a map to find treasure.,나는 항상 지도를 사용해 보물을 찾아요.
Our team ran a fun marathon near home.,우리 팀은 집 근처에서 재미있는 마라톤을 달렸어요.
I use a bright red marker for notes.,나는 밝은 빨간색 마커를 사용해요.
My kind parents have a good marriage together.,우리 부모님은 행복한 결혼 생활을 해요.
Alice and Tom will happily marry in June.,앨리스와 톰은 6월에 기쁘게 결혼할 거예요.
Mars is a red planet with one moon.,화성은 빨간 행성이고 하나의 달이 있어요.
They always match up their shoes by color.,그들은 항상 색깔별로 신발을 맞추어요.
That shirt will match with your new jacket.,이 셔츠는 네 새 재킷과 완벽히 잘 조화되요.
I like math because it is really fun.,저는 수학을 정말 재밌게 배워요.
Mathematics always teaches us how to solve problems.,수학은 언제나 우리에게 문제를 푸는 법을 가르쳐요.
A new mattress always makes sleep very comfortable.,새 매트리스는 항상 잠을 매우 편안하게 만들어요.
Our fun school trip will be in May.,우리 즐거운 소풍은 5월에 있어요.
The old Mayan people built many stone temples.,오래된 마야 사람들은 많은 돌 사원을 지었어요.
We quickly lost our way in the maze.,우리는 미로에서 길을 잃었어요.
The maze causes much confusion among the students.,미로는 학생들에게 많은 혼란을 줘요.
What is the true meaning of this word?,이 단어의 진짜 뜻이 뭐예요?
This book gives a meaningful and clear message.,이 책은 의미심장하고 명확한 메시지를 줘요.
"She reads a book, meanwhile her friend listens.","그녀는 책을 읽어요, 반면에 친구는 들어요."
"It was hot; meanwhile, we ate cold pizza.",날씨가 무더웠어요; 한편 우리는 차가운 피자를 먹었어요~요
I studied hard meanwhile my friends played outside.,나는 열심히 공부했어요 그동안에 친구들이 밖에서 놀았어요~요.
My dad roasts meat on the barbecue grill.,아빠는 바비큐 그릴에서 고기를 구워요.
My friend won a shiny medal in race.,내 친구는 경주에서 빛나는 메달을 땄어요.
I always meet my deadline before school starts.,나는 학교 시작 전 언제나 기한을 지켜요.
I happily meet my best friend at school.,나는 학교에서 가장 친한 친구를 만나요.
A good sleep always meets our daily needs.,좋은 잠은 우리의 일상 필요를 만족시켜요.
The blue ball meets all my play needs.,파란 공은 내 놀이 필요를 모두 충족시켜요.
Our local sports meet is very exciting today.,우리 동네 운동 경기가 오늘 매우 신나요.
Every member in our club likes ice cream.,우리 클럽의 모든 회원들은 아이스크림을 좋아해요.
I wrote a short memo today for school.,저는 오늘 학교를 위해 짧은 메모를 썼어요.
I always try to quickly memorize new words.,나는 항상 새 단어를 빨리 외워요.
I try hard to memorize new words daily.,저는 열심히 새로운 단어를 암기해요.
I have a beautiful memory from school trip.,나는 학교 여행에서 아름다운 추억이 있어요.
My memory is strong when I study hard.,내 기억은 공부할 때 강해요.
I put my memory stick in the computer.,나는 컴퓨터에 메모리 스틱을 넣어요.
The merchant sells fresh fruits at the market.,상인은 시장에서 신선한 과일을 팔아요.
My messy room always needs cleaning each morning.,내 어질러진 방은 매일 아침 청소해야 해요.
My friend loves spicy Mexican food at dinner.,내 친구는 매운 멕시코 음식을 저녁에 먹어요.
The park is in the middle of town.,공원이 마을 한가운데에 있어요.
I always study math at a middle school.,나는 항상 중학교에서 수학을 공부해요.
I might visit my friend at our park.,나는 우리 공원에서 친구를 만날지도 모른어요.
Her strong might helps her win every contest.,그녀의 강한 힘이 모든 대회에서 이기도록 도와줘요.
Many birds migrate south to find warm areas.,많은 새들이 남쪽으로 이주해서 따뜻한 지역을 찾아요.
The farmer milks a cow every sunny morning.,농부가 소의 젖을 매일 짜요.
The smart reporter milked facts from the witness.,영리한 기자가 목격자에게서 사실들을 뽑아냈어요.
I drink a glass of milk with breakfast.,나는 아침에 한 잔의 우유를 마셔요.
There are one million stars in the sky.,하늘에는 100만 개의 별이 있어요.
There are millions of small stars in sky.,하늘에 수백만의 작은 별이 있어요.
Please mind your belongings in our classroom today.,우리 교실에서 오늘 물건들을 조심해요.
I always mind doing homework on rainy days.,비 오는 날 숙제하는 것을 항상 꺼려해요.
I do not mind to help my friend.,친구를 도와주는 것을 꺼리지 않아요.
They carefully mine minerals under the big mountain.,그들은 큰 산 아래에서 조심히 광물질을 캐요.
This new bag is mine and not yours.,이 새 가방은 나의 것이고 너의 것은 아니에요.
Seeing a rainbow in sky was a miracle.,하늘의 무지개를 본 것은 기적이었어요.
A wrong sign can easily mislead new drivers.,잘못된 표지판은 쉽게 잘못 인도할 수 있어요.
False words may mislead you into simple mistakes.,거짓말은 당신을 간단한 실수로 이끌 수 있어요.
The little bird might miss from its nest.,작은 새가 둥지에서 실종될 수 있어요.
I always miss my dear friend at school.,나는 학교에서 항상 소중한 친구를 그리워해요.
I often miss class when I feel sick.,몸이 아플 때 저는 수업을 빼먹어요.
I really miss my friend at school today.,나는 오늘 학교에서 친구를 정말 그리워해요.
Never miss a chance to learn something new.,새로운 것을 배우는 기회를 절대 놓치지 마세요.
Do not miss out on our free snacks.,우리 무료 간식을 놓치지 마세요요.
We must not miss out on lunch break.,점심시간을 놓치면 안 돼요.
My missing notebook is still under my bed.,내 분실된 공책은 아직 내 침대 아래에 있어요.
My missing red bike is near the school.,내 놓친 빨간 자전거는 학교 근처에 있어요.
I always mistake his tone for a joke.,나는 항상 그의 말투를 농담으로 오해해요.
I made a small mistake on my homework.,숙제에서 작은 실수를 했어요.
I made a big mistake on my homework.,나는 숙제에서 큰 잘못을 했어요.
I often misunderstand English words during class time.,나는 수업 시간에 영어 단어들을 자주 오해해요.
A small misunderstanding can harm our close friendship.,작은 오해는 우리의 친한 우정을 해칠 수 있어요.
You mix red with blue to create art.,빨강과 파랑을 섞어 예술을 만들어요.
Mom makes a mixture of water and juice.,엄마가 물과 주스를 섞은 혼합물을 만들어요.
My sister will model this new dress today.,내 여동생이 이 새 드레스를 입어 보일 거예요.
The popular model poses on the runway today.,인기 있는 모델이 오늘 런웨이에서 포즈를 취해요.
My airplane model is very fun to build.,내 비행기 모형은 만들기 아주 재미있어요.
The young modeler builds a cool airplane model.,젊은 모형 제작자가 멋진 비행기 모형을 만들어요.
I always save money for a new toy.,저는 항상 돈을 모아요 새 장난감을 사요.
The small monkey happily jumps in the tree.,작은 원숭이가 나무 위에서 즐겁게 점프해요.
The scary monster lives under the old bridge.,무서운 괴물은 작은 오래된 다리 밑에서 항상 살아요.
A new month carries fresh hope every day.,새 달은 새로운 희망을 항상 선물해 주고 있어요.
The full moon shines in the dark sky.,가득 찬 달이 어두운 하늘에 빛나요.
The moon is always a beautiful night satellite.,달은 항상 아름다운 밤 위성이에요.
I always mop the floor with a mop.,나는 항상 대걸레로 바닥을 닦아요.
She used the mop to clean spills.,그녀는 자루걸레로 엎질러진 것을 닦았어요.
She always wants more apples with her sandwich.,그녀는 언제나 샌드위치에 더 많은 사과를 원해요.
I see more and more flowers every day.,나는 매일 점점 더 꽃을 봐요.
I need more than two cups of tea.,나는 두 개 이상의 차가 필요해요.
I always eat fresh toast in the morning.,나는 항상 신선한 토스트를 아침에 먹어요.
The happy Moroccan man always reads a book.,행복한 모로코 사람이 항상 책을 읽어요.
A tiny mosquito flies slowly near the window.,작은 모기가 창문 근처에서 천천히 날아요~요
Most children really like ice cream in summer.,대부분의 아이들은 여름에 맛있는 아이스크림을 정말 많이 좋아해요.
Most children always enjoy drawing during art class.,대부분 아이들은 미술 수업 중 항상 그림 그리기를 즐겨요.
I mostly eat a healthy breakfast every day.,나는 주로 매일 아주 맛있는 아침 식사를 먹어요.
The small moth flies slowly in the dark.,작은 나방이 어둠 속에서 천천히 날아요.
My loving mother cooks delicious meals every Saturday.,나의 사랑스러운 어머니는 매일 토요일에 맛있는 음식을 요리해요.
Teachers always use kind words to motivate kids.,선생님들은 항상 친절한 말로 아이들에게 동기를 부여해요.
Her true motive is to help a friend.,그녀의 진짜 동기는 친구를 돕는 거예요.
I always follow my motto every single day.,저는 언제나 제 좌우명을 따르며 살아가요.
We will carefully mount the small mountain tomorrow.,우리는 내일 작은 산에 조심히 오를 거예요.
His excitement did mount after the fun party.,그의 기대감은 즐거운 파티 후에 높아졌어요.
I mount my bike before riding to school.,나는 학교에 가기 전에 자전거에 올라타요.
My interest mounts as I learn new facts.,새로운 사실을 배우면 내 관심이 서서히 증가해요.
We happily climbed the mountain during summer vacation.,우리는 기쁘게 여름 방학에 산을 올랐어요.
The long mountain range is large and beautiful.,긴 산맥은 크고 아름다워요.
The little mouse finds food in the house.,작은 생쥐가 집에서 음식을 찾아요.
My best friend can talk with his mouth.,내 가장 친한 친구는 입으로 말할 수 있어요.
I move my foot when music moves me.,음악이 제 마음을 감동시킬 때 나는 발을 움직여요.
Her inspiring story can move many kind hearts.,그녀의 감동적인 이야기는 많은 사람들의 마음을 감동시켜요.
I will move my proposal into the meeting.,내 제안을 회의에 제출할게요.
Please move the small box into the room.,작은 상자를 방 안으로 옮겨 주세요.
My family will move into our new home.,우리 가족은 새 집으로 이사할 거예요.
We move to easily start our new project.,우리는 새 프로젝트에 쉽게 착수해요.
My very first move to school was exciting.,나의 아주 첫 이동은 학교로 가는 것이었어요.
They planned the move to win a game.,그들은 이기기 위해 조치를 계획했어요.
We sometimes move around in the big city.,우리는 때때로 큰 도시에서 돌아다녀요.
Please move away all your toys from floor.,모든 장난감을 바닥에서 치워주세요.
We move away when noise makes us uncomfortable.,소음이 불편할 때 우리는 떠나요.
We happily move into  a bright new school.,우리는 밝은 새 학교로  행복하게 이동해요.
I am very moved by your kind smile.,당신의 친절한 미소에 매우 감동받았어요.
The quick movement of the cat is magical.,고양이의 빠른 움직임은 매력적이에요.
Daily movement keeps your body in good shape.,매일 운동은 몸을 튼튼하게 해요.
My club started a movement for group exercise.,우리 동아리가 단체 운동을 시작했어요.
The musical movement made our hearts feel joyful.,음악 악장이 우리 마음을 기쁘게 만들어요.
I always watch a funny movie every night.,저는 항상 재미있는 영화를 매일 밤 봐요.
She has much homework to do this evening.,그녀는 오늘 저녁에 할 숙제가 많아요.
I feel much happier when I run daily.,나는 매일 달리면 훨씬 행복해져요.
The little children played in the muddy puddle.,작은 아이들이 진흙탕에서 재미있게 놀았어요.
We carefully walked slowly on the wet mudflat.,우리는 조심히 느리게 갯벌 위를 걸었어요.
Find a small multiple of three in math.,수학에서 세의 작은 배수를 찾아보세요.
I saw multiple birds in the park today.,나는 오늘 공원에서 다수의 새들을 봤어요.
Students saw multiple birds flying over the park.,학생들이 다양한 새들을 공원 위로 날아갔어요.
I always learn to multiply two large numbers.,나는 항상 두 큰 수를 곱해요.
Plants quickly multiply when watered properly every day.,식물은 하루에 충분히 물주면 빠르게 많이 자라며 증가해요.
I enjoy music when I play at home.,나는 집에서 놀 때 음악을 즐겨요.
The musical is fun and full of songs.,뮤지컬은 재밌고 노래가 많아요.
The musical concert made everyone feel very joyful.,이 음악의 콘서트가 모든 사람을 정말 기쁘게 만들었어요.
Tom always plays a musical instrument every day.,톰은 항상 매일 악기를 연주해요.
He must be the tallest boy in school.,그는 학교에서 가장 키 큰 소년임에 틀림없어요.
Everyone must clean the room every Saturday morning.,모든 사람은 토요일 아침에 방을 청소해야 해요.
Learning English daily is a must for students.,영어를 매일 배우는 것은 학생들에게 필수예요.
"Long ago, kind people told an old myth.",옛날에 친절한 사람들이 오래된 신화를 이야기했어요.
They always name the new puppy Max today.,그들은 항상 새 강아지에게 맥스라는 이름을 지어요.
Parents always name their babies with great love.,부모님은 항상 아기들에게 큰 사랑으로 이름을 대요.
Her name builds a good reputation every day.,그녀의 이름이 매일 좋은 평판을 만들어 줘요.
My dear friend has a very cute name.,내 소중한 친구의 이름이 아주 귀여워요.
His dear friend was named after his grandfather.,그의 소중한 친구는 바로 할아버지를 따서 이름을 지었어요.
I usually take a short nap every afternoon.,나는 보통 매일 오후에 짧은 낮잠을 자요.
The friendly narrator carefully tells the simple story.,친절한 화자가 간단한 이야기를 신중하게 들려줘요.
Every national event helps unite the whole country.,전국적인 행사는 온 나라를 하나로 모으는데 도움이 돼요.
We happily celebrate our national flag with pride.,우리는 국가의 깃발을 자랑스럽게 축하해요.
She wore a native dress to the festival.,그녀는 축제에 본국의 드레스를 입었어요.
The native people always love their old home.,원주민들은 항상 그들의 오래된 집을 사랑해요.
Small trees grow well in a natural park.,작은 나무들이 자연의 공원에서 잘 자라요.
It is natural to always help our friends.,항상 친구를 도와주는 것이 당연해요.
Your smile always looks natural in this picture.,너의 미소는 이 사진에서 항상 자연스러워요.
She is a natural singer with good voice.,그녀는 천부적인 가수이며 목소리가 좋아요.
My new shirt looks natural without extra design.,내 새 셔츠는 꾸밈 없는 자연스러워요.
"Many forests, water, and minerals are natural resources.","많은 숲, 물, 광물은 천연 자원이에요."
Our class learns the nature of each animal.,우리 반은 각 동물의 종류를 배워요.
The beauty of nature always makes us happy.,자연의 아름다움은 언제나 우리를 행복하게 해요.
My true nature is gentle and very kind.,제 본성은 온화하고 매우 친절해요.
We navigate city roads to find our way.,우리는 도시 길을 찾아가요.
Captains often navigate ships while pilots navigate airplanes.,선장들은 자주 배를 항해하고 조종사들은 비행해요.
I navigate through the website with my friend.,나는 친구와 인터넷을 돌아다녀요.
A near library is always open for everyone.,가까운 도서관은 항상 모두에게 열려 있어요.
Our new school is near a small park.,우리 새로운 학교는 작은 공원 근처에 있어요.
The nearby park is fun for every child.,가까운 공원은 모든 아이들에게 재미있어요.
I nearly dropped my big water bottle today.,나는 오늘 거의 큰 물병을 떨어뜨렸어요.
Fresh air and water is a true necessity.,신선한 공기와 물은 진정한 필수예요.
The cat gently rubbed its neck against me.,고양이가 살짝 목을 문질렀어요.
I need to finish my homework by dinner.,나는 저녁까지 내 숙제를 끝내야 해요.
I really have a need for fun toys.,저는 정말 재미있는 장난감에 대한 욕구가 있어요.
There is a really big need for water.,정말 큰 수요가 있어요.
The negative news really made me feel sad.,부정적인 뉴스는 정말 슬퍼요.
Our friendly neighborhood park welcomes us every day.,우리의 친절한 동네 공원은 매일 우리를 환영해요.
I never ever forget to brush my teeth.,나는 결코 이를 닦는 것을 잊지 않아요.
"It was raining, nevertheless we still played outside.","비가 왔어요, 그럼에도 불구하고 우리는 아직 밖에서 놀았어요."
I have a new pencil case in class.,나는 수업 시간에 새로운 필통이 있어요.
My friend a New Zealander rides a bike.,내 친구인 뉴질랜드 사람이 자전거를 타요.
I always read the newspaper on sunny days.,나는 항상 맑은 날 신문을 읽어요.
The next bus arrives soon at the station.,다음 버스가 곧 역에 도착해요.
The cat always naps next to her bed.,고양이는 항상 침대 바로 옆에 자요.
The new pen is next to the notebook.,새 펜은 공책의 옆에 있어요.
I feel nice when my friends are near.,내 친구들이 가까이 있을 때 기분이 좋아요.
My teacher is very nice to all children.,제 선생님은 모든 아이에게 매우 친절해요.
My best new friend is always very nice.,나의 최고의 새로운 친구는 언제나 매우 멋져요.
My best friend has a very funny nickname.,내 가장 친한 친구는 아주 웃긴 별명이 있어요.
The sky slowly darkens as night draws near.,하늘이 천천히 어두워지며 밤이 다가와요.
I see a very beautiful night view tonight.,나는 오늘 아주 아름다운 야경을 봐요.
He politely said no to the small gift.,그는 작은 선물에 공손히 아니오라고 말했어요.
I no longer eat fast food at night.,저는 밤에 패스트푸드를 더 이상 먹지 않아요.
The noble man smiled at the kind people.,귀족 남자가 친절한 사람들에게 미소 지었어요.
My noble friend always helps those in need.,내 고귀한 친구는 항상 도움이 필요한 사람을 도와요.
Today the nobleman wore a big shiny crown.,오늘 귀족은 커다란 빛나는 왕관을 썼어요.
Nobody ever played soccer with me after school.,아무도 방과 후에 나와 축구하지 않았어요.
I always nod when I understand my lessons.,나는 수업을 이해할 때 항상 끄덕여요.
My dog loves playing in the noisy park.,우리 개는 시끄러운 공원에서 뛰어놀아요.
My friend says nonsense during our lunch break.,내 친구가 점심시간에 허튼소리를 해요.
I always eat tasty noodle soup for lunch.,나는 항상 점심에 맛있는 국수 수프를 먹어요.
My body condition is completely normal this morning.,오늘 아침 내 몸 상태는 완전히 정상이에요.
I always wear my normal shoes to school.,나는 항상 보통의 신발을 학교에 신어요.
Students normally study math in a bright classroom.,학생들은 정상적으로 밝은 교실에서 수학을 공부해요.
I normally eat a healthy breakfast at school.,저는 보통 학교에서 건강한 아침을 먹어요.
My best friend lives in the north area.,내 가장 친한 친구는 북쪽에 살아요.
Mom and Dad drive to the northern beach.,엄마와 아빠는 북쪽의 해변으로 가요.
My small brown cat has a cute nose.,내 작은 갈색 고양이는 귀여운 코가 있어요.
The airplane nose is always at the front.,항공기 앞부분은 항상 앞에 있어요.
I do not eat lunch at my school.,나는 내 학교에서 점심을 먹지 않아요.
I do not play that computer game anymore.,저는 그 컴퓨터 게임을 더 이상 하지 않아요.
Please note the red sign on the door.,문에 있는 빨간 표시를 주목해 주세요.
The teacher will note our amazing class achievement.,선생님은 우리 놀라운 반의 성취를 언급해요.
The music teacher taught a simple note well.,음악 선생님이 간단한 음표를 잘 가르쳤어요.
The piano note made a nice sound effect.,피아노 음향 효과가 멋진 소리로 들렸어요.
I write a note to my good friend.,나는 좋은 친구에게 메모를 써요.
My new note is full of bright drawings.,내 새로운 공책은 밝은 그림이 가득해요.
I really have nothing in my blue bag.,저는 파란 가방에 아무것도 없어요.
I read a fun new novel by myself.,저는 혼자서 재미있는 새 소설을 읽어요.
He designed a novel toy for his friends.,그는 친구들을 위해 기발한 장난감을 디자인했어요.
The novelist writes happy fun stories every day.,이 유명한 소설가는 매일 아주 재미있는 이야기를 써요.
My family visits parks in November every weekend.,우리 가족은 11월에 매 주말 공원에 가요.
I am finishing my homework at school now.,나는 지금 학교에서 숙제를 빨리 모두 끝내고 있어요.
I must do my homework now every day.,나는 숙제를 이제 매일 해야 해요.
Please number each page in your new book.,새 책의 각 페이지에 번호를 매겨 주세요.
I see a big number on the board.,나는 칠판에서 큰 수를 봐요.
My telephone number is always eight digits long.,내 전화번호는 항상 여덟 자리 숫자예요.
The caring nurse comforted the hurt child today.,다정한 간호사가 아픈 아이를 위로했어요~요.
My kind grandmother lives in a nursing home.,저의 친절한 할머니는 양로원에 살아요.
Fresh fruits give a nutrient our bodies need.,신선한 과일은 우리 몸에 영양소를 줘요.
Fresh fruits are nutrient and good for health.,신선한 과일은 영양이 되고 건강에 좋아요.
The class begins at nine o'clock every morning.,수업은 매일 아침 아홉 시에 시작해요.
We visited the observatory near our school today.,우리는 오늘 학교 근처 천문대에 갔어요.
A small octopus moves slowly in clear water.,작은 문어가 맑은 물에서 천천히 움직여요.
The cover of my new notebook is red.,내 새 공책의 표지는 빨개요.
The park entertains kids of all ages today.,공원은 모든 연령의 어린이들을 오늘 즐겁게 해요.
These off shoes cost much less this week.,이 할인하는 신발은 이번 주에 훨씬 싸요.
The small shop sells off summer dresses today.,작은 가게는 할인된 여름 드레스를 팔아요.
The small toy suddenly fell off the chair.,작은 장난감이 의자에서 떨어졌어요.
I offer my friend a fun idea today.,저는 오늘 친구에게 재미있는 아이디어를 제안해요.
A small office is always located in town.,작은 사무소는 언제나 도시에 있어요.
His uncle holds an important office in government.,삼촌께서 정부에서 중요한 공직을 맡고 있어요.
The official always calls every game very fair.,심판은 항상 경기마다 공정하게 판정해요.
The official works in the town office daily.,공무원은 마을 사무실에서 매일 일해요.
The trusted official helped organize our school event.,신뢰받는 관계자가 우리 학교 행사를 도왔어요.
The official document arrived at our school today.,공식적인 서류가 오늘 우리 학교에 도착했어요.
The school officially organized a friendly sports day.,학교는 공식적으로 친근한 운동회를 열었어요.
I often play soccer with my best friends.,나는 종종 가장 친한 친구들과 축구를 해요.
Tom often rides his red bike to school.,톰은 자주 빨간 자전거를 타고 학교에 가요.
The engine always needs good oil for function.,엔진은 항상 좋은 기름이 필요해요.
My old cat always naps on warm beds.,내 늙은 고양이는 항상 따뜻한 침대에서 낮잠 자요.
This old book tells a very nice story.,이 오래된 책은 아주 멋진 이야기를 해요.
My little dog is old but very funny.,나의 작은 개는 나이가 많지만 매우 재미있어요.
The new computer in school is on today.,오늘 학교의 새 컴퓨터가 켜져 있어요.
The blue book is on the table now.,푸른 책은 탁자 위에 있어요.
Our class picnic is on Saturday in school.,우리 반 소풍은 이번 토요일에 학교에서 즐겁게 해요.
People eat three meals on average every day.,사람들은 하루 평균 세 끼를 먹어요.
The school library always has books on display.,학교 도서관은 항상 책들이 전시해요.
I go on foot to school every day.,나는 걸어서 학교에 가요.
He completed all his tasks on one's own.,그는 모든 과제를 혼자 힘으로 완료했어요.
I saw my friend on my way home.,집에 가는 도중에 친구를 만났어요.
She met Anne on her way to school.,그녀는 학교 가는 길에 앤을 만났어요.
He quickly stopped on his way to school.,그는 학교로 가는 도중에 급히 멈췄어요.
She spilled her drink on purpose at school.,그녀는 학교에서 음료를 일부러 쏟았어요.
Many store items are on sale this weekend.,많은 상점 물건들이 이번 주말에 할인 중이에요.
The dog on the loose ran very fast.,탈주 중인 강아지가 매우 빨리 달렸어요.
They answered questions on the spot during class.,수업 중 즉석에서 질문에 대답했어요.
I happily met friends on the way home.,집에 가는 길에 친구들을 만났어요.
The bus always arrives on time each day.,버스는 매일 정시에 항상 도착해요.
"Once I lived in a small, quiet town.","한때 나는 작은, 조용한 마을에 살았어요."
I once played in a bright sunny park.,나는 한 때 밝고 화창한 공원에서 놀았어요.
"Once you finish your homework, you can play.","일단 숙제를 끝내면, 놀 수 있어요."
"Once I finish my homework, I watch TV.",숙제를 끝내자마자 나는 TV를 봐요.
"Once you finish dinner, you read a book.","일단 저녁을 먹으면, 책을 읽어요."
I read new books once in a while.,나는 이따금 새 책을 읽어요.
"Once upon a time, a boy ran fast.","옛날에, 소년이 빨리 달렸어요."
I have one good friend at my school.,저는 학교에 좋은 친구가 한 명 있어요.
Please pick one green apple from the bowl.,그릇에서 초록 사과 하나를 골라 주세요.
Friends share toys with one another at school.,친구들은 학교에서 서로 장난감을 공유해요.
Sort your toys one by one for me.,장난감을 하나하나씩 정리해 주세요.
Our fun project is ongoing every single day.,우리의 재미있는 프로젝트는 매일 계속 진행 중이에요.
This is the only red apple in sight.,이것은 오직 빨간 사과예요.
Please open the door now for fresh air.,신선한 공기를 위해 지금 문을 여세요.
The open door happily welcomes every friendly visitor.,열린 문은 모든 친절한 방문객을 반겨요.
The operator drives the bus on long routes.,기사는 긴 노선을 따라 버스를 운전해요.
The operator helps with many phone calls today.,전화 교환원은 오늘 많은 전화를 도와줘요.
The teacher gave a wonderful opportunity to learn.,선생님은 배우는 기회를 주셨어요.
You can choose juice or water for lunch.,점심에 주스 또는 물을 선택할 수 있어요.
Our school orchestra played a happy song today.,우리 학교 오케스트라가 오늘 행복한 노래를 연주했어요.
He always orders his friend around every day.,그는 매일 친구에게 자꾸 이래라 저래라 해요.
Our small organization builds a new safe structure.,우리의 작은 조직 새롭고 안전한 구성을 만들어요.
Our club requires organization for successful team events.,우리 동아리는 성공적인 팀 행사를 위해 체계성이 필요해요.
The organizer arranges books for a tidy room.,그 정리하는 사람은 책을 정리해요 깔끔한 방을 만들어요.
The organizer plans fun parties for all guests.,주최자는 모든 손님을 위해 즐거운 파티를 계획해요.
The origin of the river is the mountain.,강의 기원은 산이에요.
I learned the coffee bean origin in Ethiopia.,나는 에티오피아에서 커피 원산지를 배웠어요.
This museum keeps the original painting from history.,이 박물관은 역사에서 최초의 그림을 보관해요.
"Today, my drawing is original and very cute.","오늘, 내 그림은 원래의이고 매우 귀여워요."
My story is really original and very fun.,내 이야기는 정말 독창적이고 매우 재미있어요.
She originally planned to paint a big picture.,그녀는 원래 큰 그림을 그릴 계획이었어요.
Many popular dances originate from various ancient cultures.,많은 인기있는 춤은 다양한 고대 문화에서 유래해요.
We must trust ourselves to reach our dreams.,우리 스스로 노력하면 우리 꿈을 이룰 수 있어요.
The situation got out of hand very quickly.,상황이 매우 빠르게 손을 쓸 수 없게 되었어요.
The bright toy was out of my reach.,밝은 장난감은 내 손이 닿지 않은 곳에 있어요.
Her song is out of tune this morning.,그녀의 노래는 오늘 아침 가락이 안 맞아요.
We enjoy outdoor fun games at school recess.,우리는 학교 쉬는 시간에 야외의 재미있는 게임을 즐겨요.
We enjoy playing outdoors with our little friends.,우리는 작은 친구들과 야외에서 놀아요.
We explore outer space during our science class.,우리 과학 수업에서 우주를 탐험해요.
She is an outgoing girl with many friends.,그녀는 외향적이고 사교적인 소녀로 친구가 많아요.
The outgoing train leaves the station very soon.,떠나는 기차 가 곧 역을 출발해요.
The teacher outlines the lesson plan in class.,선생님께서 수업 개요를 서술해요.
The student read the outline of the book.,학생은 책의 개요를 읽었어요.
The small bird outline shows its simple form.,작은 새의 윤곽 은 단순해요.
The outside is warm during the sunny day.,바깥쪽은 화창한 날에 따뜻해요.
My brother rides his bike outside every afternoon.,내 동생은 매일 오후에 밖에 자전거를 타요.
The school year is totally over this summer.,이번 여름에 학년도는 완전히 끝났어요.
My blue book is over the big desk.,내 파란 책은 큰 책상 위에 있어요.
My small cat jumped over the white wall.,내 작은 고양이는 흰 벽을 넘어갔어요.
I always study math over the summer break.,나는 항상 수학을 여름 방학 동안 공부해요.
They play the game over and over today.,그들은 오늘 게임을 여러 번 되풀이하여 놀아요.
The red ball is waiting over there today.,빨간 공은 저기에 기다리고 있어요.
The black cat jumped quickly over-the-fence near home.,검은 고양이가 집 근처에서 빠르게 담(장)을 넘었어요.
I always overcome problems by working hard daily.,나는 항상 문제를 열심히 노력해서 극복해요.
The engine was overheated after the long drive.,긴 운전 후 엔진이 과열되었어요.
My father works overnight at the gas station.,우리 아버지는 주유소에서 야간에 일해요.
The flowers bloomed overnight in my small garden.,내 작은 정원에서 꽃이 하룻밤 사이에 피었어요.
I stayed up overnight to finish my homework.,나는 숙제를 끝내기 위해 밤새웠어요.
The brown owl sleeps in the tree branch.,갈색 올빼미는 나뭇가지 위에서 자고 있어요.
I own my very first toy car today.,나는 내 첫 번째 장난감 차를 소유해요.
The kind owner takes care of his cat.,친절한 주인은 그의 고양이를 돌봐요.
Plants need oxygen daily to breathe and grow.,식물은 매일 산소를 필요로 해요.
We play fun P.E. games at our school.,우리는 우리 학교에서 즐겁게 체육을 해요.
Our soccer practice always starts at 5 p.m.,우리 축구 연습은 항상 오후 5시에 시작해요.
The pacer walked alongside runners in a race.,경주에서 페이서가 주자들과 함께 걸었어요.
I will package the gift for my friend.,나는 친구를 위해 선물을 포장할 거예요.
I sent a small package to my friend.,나는 친구에게 작은 소포를 보냈어요.
My friend receives a small package every day.,내 친구는 매일 작은 포장물을 받아요.
My uncle delivered a package to my school.,삼촌이 학교에 소포를 배달했어요.
The packaging was done carefully for every order.,포장은 모든 주문에 대해 신중하게 처리되었어요.
The puppy softly steps on his small pad.,강아지가 작은 발바닥으로 부드럽게 걸어요.
I always use a pad for my protection.,나는 항상 보호용 패드를 사용해요.
My arm is very painful after a fall.,넘어진 후에 내 팔이 매우 아파요.
I love to paint pictures with bright colors.,나는 밝은 색으로 그림을 그려요.
The kids happily paint pictures in art class.,아이들이 미술 시간에 그림을 색칠해요.
Kids use bright paint for art every day.,아이들은 밝은 그림물감을 사용해 예쁜 그림을 그려요.
A kind painter always paints a pretty picture.,친절한 화가는 항상 예쁜 그림을 그려요.
The painting is bright and colorful for everyone.,그림은 모두에게 밝고 화사해요.
My friend always enjoys painting in art class.,제 친구는 항상 미술 시간에 그림 그리기를 즐겨요.
He showed his palm during the card trick.,그는 카드 묘기 때 손바닥을 보였어요.
Many palm trees grow in the warm beach.,따뜻한 해변에 많은 야자 나무가 자라요.
My mom cooked fluffy pancakes for breakfast today.,우리 엄마는 오늘 아침에 부드러운 팬케익을 만들었어요.
The carpenter carefully installed a broken pane today.,목수가 오늘 조심스럽게 깨진 판유리를 설치했어요.
I like my new blue pants so much.,저는 새 파란 바지를 아주 좋아해요.
I need to finish my paper for class.,나는 수업 숙제를 끝내야 해요.
I write on paper with my red pen.,나는 빨간 펜으로 종이에 글을 써요.
My mom always pays with paper money today.,우리 엄마는 오늘 지폐로 결제해요.
I will write a paper for our assignment.,나는 우리 과제물을 쓸 거예요.
I received an important parcel at school today.,저는 오늘 학교에서 중요한 소포를 받았어요.
My parent is always kind and so loving.,우리 부모님은 항상 따뜻하고 친절해요.
My parent always helps me with my homework.,우리 부모님은 항상 숙제를 도와주셔요.
We often play near the small park today.,우리는 오늘 작은 공원 근처에서 자주 놀아요.
I can easily park my car near home.,나는 집 근처에 차를 쉽게 주차할 수 있어요.
Our park manager waters the park every day.,우리 공원 관리인이 매일 공원에 물을 줘요.
My car is parked in the parking lot.,내 차는 주차장에 주차되어 있어요.
My parrot loves eating tasty fruit each morning.,내 앵무새는 매일 맛있는 과일을 먹어요.
They always part after the school bell rings.,학교 종이 울리면 그들은 항상 헤어져요.
I play an important part in our game.,나는 우리 게임에서 중요한 역할을 해요.
I really like this part of the city.,나는 이 지역이 정말 좋아요.
Each participant happily joined the school's fun event.,각 참가자는 학교의 즐거운 행사에 기쁘게 참여했어요.
Every student can participate actively in the game.,모든 학생은 게임에 적극적으로 참여할 수 있어요.
My friends really participate in the school play.,내 친구들은 학교 연극에 정말 참여해요.
The kids always enjoy a fun birthday party.,아이들은 항상 재미있는 생일 파티를 즐겨요.
I joined a small party of friendly people.,나는 친절한 사람들의 작은 무리에 가입했어요.
The party helps many people in our town.,그 정당은 우리 동네에서 많은 사람을 도와요.
My party always walks with me on Sundays.,내 일행은 항상 일요일에 나와 함께 걸어요.
The long days pass slowly during summer break.,여름 방학 동안 긴 날들이 천천히 흘러가요.
I pass the math test with great effort.,저는 수학 시험을 큰 노력으로 통과해요.
Please pass the small blue ball to me.,작은 파란 공을 저에게 건네주세요.
Please pass the blue ball to my friend.,친구에게 파란 공을 건네주세요.
She carries her pass during the school trip.,그녀는 학교 여행 동안 통행증을 지니고 있어요.
My kind grandpa passed away peacefully last night.,친절한 할아버지께서 어젯밤 평화롭게 돌아가셨어요.
Please pass on this short note to me.,저에게 이 짧은 쪽지를 전달해요.
The boat can pass through the narrow canal.,보트가 좁은 운하를 통과할 수 있어요.
Light can pass through the clear glass window.,빛이 투명한 유리창을 통과해요.
Students pass through joyful lessons every school day.,학생들은 매일 즐거운 수업을 경험해요.
The passenger quietly waited at the bus stop.,승객은 버스 정류장에서 조용히 기다렸어요.
The passing of time makes us learn things.,시간의 흐름은 우리에게 많은 것을 알려줘요.
The cold feeling was just passing by quickly.,차가운 느낌은 그냥 빠르게 지나가요.
A passing car zooms quickly on the road.,지나가는 차가 도로 위를 빠르게 달려요.
My passion always pushes me to learn daily.,나의 열정은 항상 나를 배우게 해줘요.
Always bring your passport when you travel abroad.,항상 해외 여행 시 여권을 꼭 가져가세요.
I lost my secret password for class email.,나는 수업 이메일용 비밀 암호를 잃어버렸어요.
I carefully patch the hole on my shirt.,나는 조심히 내 셔츠의 구멍을 덧대요.
The black cat always has a small patch.,검은 고양이는 항상 작은 반점이 있어요.
The new park patch is fun for children.,새로운 공원 지역은 아이들에게 즐거워요.
I use a red patch to cover holes.,나는 빨간 패치로 구멍을 덮어요.
The patch on my shirt looks very bright.,내 셔츠의 조그만 부분이 아주 밝아요.
"Using patchwork skills, they create a colorful quilt.",조각보 깁기 기술로 그들은 화려한 퀼트를 만들어요.
I always show patience when my friend fails.,나는 항상 친구가 실패할 때 참을성을 보여요.
They always pay extra money at the store.,그들은 상점에서 항상 추가 돈을 지불해요.
My kind boss gives good pay every week.,나의 친절한 상사는 좋은 보수를 매주 줘요.
"Dear students, please pay attention to each lesson.",친애하는 학생들은 각 수업에 유의해 주세요.
Children pay close attention to the colorful sign.,아이들이 다채로운 표지판에 주목해요.
You must always pay for every new toy.,너는 항상 새 장난감의 값을 치러요.
The colorful peacock walks slowly in the garden.,공작은 정원에서 천천히 걸어요.
Excitement peaks rapidly when we play soccer games.,우리가 축구 경기를 할 때 흥분이 빠르게 절정에 달해요.
The tall mountain peak is very snowy today.,높은 산의 꼭대기는 오늘 매우 눈이 와요.
We reached the peak  of the tall mountain.,우리는 큰 산의 정점에  도달했어요.
The peak sunlight makes the garden very bright.,최고조의 햇빛이 정원을 매우 밝게 만들어요.
The bright pearl glows under the blue sea.,밝은 진주가 푸른 바다 아래서 빛나요~요
The student peers closely at his old book.,그 학생은 그의 오래된 책을 자세히 봐요.
The peer is a gentle and noble aristocrat.,그 귀족은 온화하고 고귀해요.
My kind peer helped me finish my homework.,친절한 또래가 내 숙제를 도와줬어요.
Little sheep quietly eat in the safe pen.,작은 양이 안전한 우리에서 조용히 먹어요.
I always use my red pen at school.,나는 항상 학교에서 내 빨간 펜을 사용해요.
"During the game, he took a penalty kick.",경기 중에 그는 패널티 킥을 했어요.
The small penguin waddles across the snowy path.,작은 펭귄이 눈 위를 걸어요.
Many friendly people enjoy parks on sunny days.,많은 친절한 사람들은 화창한 날 공원에서 즐기어요.
I easily perceive beauty in every calm moment.,나는 모든 평온한 순간의 아름다움을 인식해요.
Fifty percent of students enjoy reading English books.,학생들의 절반은 영어 책 읽기를 즐겨요.
Her dance performance earned applause from a crowd.,그녀의 무용 공연은 관객에게 박수를 받았어요.
The actor delivered an amazing performance last night.,배우가 어제 밤 훌륭한 연기를 보여줬어요.
His performance always gave our team good results.,그의 성과는 항상 우리 팀에 좋은 결과를 주었어요.
The dancer did a very good performance today.,댄서가 오늘 매우 좋은 수행을 했어요.
My computer shows really good performance each day.,내 컴퓨터는 매일 정말 좋은 성능을 보여줘요.
You must get permission to use this room.,너는 이 방을 사용하려면 허락을 받아야 해요.
My persistent friend always studies very hard daily.,나의 끈질긴 친구는 매일 아주 열심히 공부해요.
The persistent rain keeps falling throughout the day.,지속되는 비가 하루 종일 계속 내려요.
I always use my personal computer for homework.,나는 항상 개인의 컴퓨터를 숙제에 사용해요.
The photographer takes nice pictures every sunny day.,사진사는 매일 화창한 날에 좋은 사진을 찍어요.
I really enjoy photography using my new camera.,나는 새 카메라로 사진 찍는 것을 정말 좋아해요.
I always use this phrase in our class.,나는 항상 우리 반에서 이 어구를 사용해요.
Tom always loves learning physics at his school.,톰은 항상 학교에서 물리학을 배우어요.
My neighbor is a famous and kind pianist.,우리 이웃은 유명하고 착한 피아니스트예요.
I often pick apples from a tall tree.,나는 종종 키 큰 나무에서 사과를 따요.
I will pick a bright yellow pencil today.,저는 밝은 노란색 연필을 고를 거예요.
She gently picks pretty flowers from the garden.,그녀는 살며시 정원에서 예쁜 꽃을 꺾어요.
The smart miner uses a strong pick tool.,스마트 광부는 강한 곡괭이를 사용해요.
I always pick out my favorite new toy.,나는 항상 제일 좋아하는 새 장난감을 고르세요.
I will pick up a new book today.,나는 오늘 새 책을 구입할 거예요.
I will quickly pick up my return package.,저는 반품 소포를 빠르게 수령할게요.
The small vacuum can pick up dust easily.,작은 청소기가 먼지를 쉽게 빨아들일 수 있어요.
I pick up my red ball at school.,나는 학교에서 빨간 공을 줍아요.
My mom will pick me up by car.,엄마가 차에 태워줄 거예요.
I quickly pick up fun skills at school.,나는 학교에서 재미있는 기술을 빨리 배워요.
I pick up clues when playing the game.,나는 게임할 때 단서를 찾아요.
The picker gathers wild berries in the park.,그 채집자가 공원에서 야생 열매를 모아요.
I picture my favorite animal in bright colors.,나는 좋아하는 동물을 밝은 색으로 상상해요.
I drew a pretty picture with bright colors.,나는 밝은 색으로 예쁜 사진을 그렸어요.
A beautiful picture is hung on the wall.,아름다운 그림이 벽에 걸려 있어요.
This picture shows the overall situation in class.,이 그림은 교실의 전반적인 상황을 보여요.
I created a lovely new piece of art.,나는 멋진 새로운 작품을 만들었어요.
She cut a piece of delicious chocolate cake.,그녀는 맛있는 초콜릿 케이크 한 조각을 자르셨어요.
I bought one piece of apple pie today.,나는 오늘 사과파이 한 개를 샀어요.
A small pig plays in the muddy yard.,작은 돼지가 진흙 마당에서 놀고 있어요.
The pigeon waddles slowly on the sidewalk today.,비둘기가 오늘 천천히 인도 위를 걷고 있어요.
I sleep on a really soft blue pillow.,나는 정말 부드러운 파란 베개에서 자요.
The brave pilot flies a red airplane daily.,용감한 조종사가 빨간 비행기를 매일 조종해요.
She pines deeply for calm nights with friends.,그녀는 친구들과 함께 평온한 밤을 갈망해요.
A tall pine sways in the gentle wind.,키 큰 소나무가 부드러운 바람에 흔들려요.
I found a pine cone in the park.,나는 공원에서 솔방울을 찾았어요.
A tall pine tree grows in our park.,키 큰 소나무가 우리 공원에 자라요.
The pinsetter resets pins in the bowling alley.,핀세터가 볼링장에서 핀을 다시 세워요.
The pit is very deep and quite dangerous.,구덩이는 매우 깊고 꽤 위험해요.
The race car entered the pit area quickly.,경주용 차가 피트 구역에 빠르게 들어갔어요.
He pitches the ball very far for fun.,그는 재미있게 공을 아주 멀리 던져요.
The young singer sang a high pitch song.,젊은 가수가 높은 음정의 노래를 불렀어요.
Her pitch was a gentle offer for help.,그녀의 권유는 부드러운 도움 제안이었어요.
The pitch on the mountain is snowy today.,산의 정점은 오늘 눈이 와요.
The pitcher throws a fast ball every game.,투수가 매 경기마다 빠른 공을 던져요.
The pitcher holds water for our school lunch.,그 항아리는 우리 학교 점심에 물을 담아요.
Please place the ball beside the box now.,공을 상자 옆에 놓아 주세요.
She got third place in the school contest.,그녀는 학교 대회에서 3등을 받았어요.
Tiny plankton feed many fish in the ocean.,작은 플랑크톤은 바다에서 많은 물고기를 먹어요.
My toy car is made of strong plastic.,내 장난감 자동차는 강한 플라스틱으로 만들어졌어요.
My plastic toy is very flexible and soft.,내 플라스틱 장난감은 매우 유연하고 부드러워요.
Kids love to play outside every bright day.,아이들은 맑은 날에 밖에서 놀아요.
Kids play soccer in the park every morning.,아이들은 매일 아침 공원에서 축구를 해요.
They will play a role in our game.,그들은 우리 게임에서 역할을 할 거예요.
The cinema will play our new movie tonight.,영화관이 오늘 밤 새 영화를 상영해요.
He can play the beautiful piano at school.,그는 학교에서 아름다운 피아노를 연주해요.
My friends and I play soccer every day.,친구들과 저는 매일 축구를 해요.
Our big school play will start this Friday.,우리의 큰 학교 연극은 이번 금요일에 시작할 거예요.
Friends play a role in a happy family.,친구들은 행복한 가족에서 역할을 해요.
The young player plays soccer with his friends.,어린 선수는 친구들과 축구를 해요.
The children love to play on the playground.,아이들이 운동장에서 노는 것을 좋아해요.
Kids usually play happily at the big playground.,아이들이 큰 놀이터에서 행복하게 놀아요.
She gives gifts to please her dear mother.,그녀는 선물을 주어 어머니를 기쁘게 해요.
"Please, help me finish my homework right now.","부디, 숙제를 빠르게 끝내게 도와주시면 정말 많이 고마워요."
She is very pleased with her new book.,그녀는 새 책에 매우 만족해요.
The pleasing music made us feel very happy.,유쾌한 음악이 우리를 매우 행복하게 만들었어요.
The pleasing music made my heart feel happy.,기분 좋은 음악이 내 마음을 행복하게 만들었어요.
Eating ice cream often creates great pleasure here.,아이스크림 먹으면 종종 큰 즐거움이 있어요.
There are plenty of apples in the basket.,바구니에 사과가 충분히 많아요.
I use my pocket money to buy snacks.,나는 간식을 사기 위해 용돈을 써요.
We read modern poetry during our English class.,우리 영어 수업에서 현대 시를 읽어요.
He will point at the small red ball.,그는 작은 빨간 공을 가리키어요.
He always makes a clear point in class.,그는 항상 수업에서 분명한 요점을 말해요.
Lisa scored the highest point in our game.,리사가 우리 게임에서 가장 높은 점수를 얻었어요.
She explained the point of winning the game.,그녀는 게임에서 이기는 요점을 설명해요.
My little friend will point at the balloon.,내 작은 친구가 풍선을 가리킬 거예요.
My teacher will point out your spelling errors.,내 선생님이 네 철자 오류를 지적할 거예요.
They sometimes point the finger at naughty kids.,그들은 때때로 나쁜 아이들을 비난해요.
The pencil is pointy and writes very well.,연필은 끝이 뾰족하고 아주 잘 써요.
The boy can gently poke his new friend.,소년은 새로운 친구를 살살 찌를 수 있어요.
The polar bear happily swims in icy water.,북극곰은 차가운 물속에서 행복하게 수영해요.
The friendly police help people every single day.,친절한 경찰은 매일 사람들을 도와요~요.
The police officer protects our school every day.,경찰관은 우리 학교를 매일 지켜줘요.
The police station is very near our house.,경찰서는 우리 집 근처에 있어요.
I polish my shoes before leaving for school.,나는 내 신발을 학교에 가기 전에 다듬어요.
I always polish my red shoes every morning.,저는 항상 아침에 빨간 신발에 윤을 내요.
I apply polish on my shoes every morning.,나는 아침마다 신발에 광택제를 발라요.
Small bee collects pollen from pretty red flowers.,작은 벌이 예쁜 빨간 꽃에서 꽃가루를 모아요~요.
Small bees greatly aid pollination of bright flowers.,작은 벌들이 밝은 꽃의 수분 작용을 크게 도와요.
City pollution harms many animals and plants daily.,도시 오염은 많은 동물과 식물에 피해를 줘요.
The small duck swam happily around the pond.,작은 오리가 연못 주위로 즐겁게 헤엄쳤어요.
My sister always wears a ponytail every morning.,여동생은 매일 아침 말총머리를 해요.
My pet dog will poop in the garden.,내 강아지는 정원에서 배변할 거예요.
My little puppy left a small poop today.,내 작은 강아지가 오늘 작은 똥을 쌌어요.
The poor family lives in a small house.,가난한 가족은 작은 집에서 살아요.
His poor dog needs care on rainy days.,그의 좋지 않은 개는 비 오는 날 보살핌이 필요해요.
He is very poor at drawing simple shapes.,그는 단순한 도형을 그리는 데 매우 형편없어요.
The soup has a poor amount of salt.,수프는 소금이 불충분해요.
The poor kitten was feeling very sad today.,불쌍한 새끼 고양이가 오늘 매우 슬펐어요.
The poor chef always cooked his food badly.,서투른 요리사는 항상 음식을 잘못 요리해요.
The food at our school looks poor today.,우리 학교 음식 오늘 좋지 못해요.
The poor house is very old and small.,보잘것없는 집은 매우 오래되고 작아요.
Children love to make pop art in class.,어린이들은 교실에서 대중 미술을 만들어요.
I love to listen to pop music daily.,저는 대중음악을 매일 듣는 걸 좋아해요.
A pop-up window appears after clicking the link.,링크를 클릭하면 팝업 창이 나타나요.
I really love eating tasty popcorn at movies.,저는 영화 볼 때 맛있는 팝콘을 먹는 걸 좋아해요.
I enjoy a tasty popsicle on summer afternoons.,나는 여름 오후에 맛있는 아이스 캔디를 즐겨요.
The population of our city is really large.,우리 도시의 인구가 정말 많아요.
The population of our city grows very fast.,우리 도시의 개체군은 매우 빠르게 증가해요.
Mother usually cooks warm porridge for breakfast daily.,엄마는 보통 아침에 따뜻한 죽을 요리해요.
The child will pose with a funny smile.,아이가 재미있는 미소와 함께 자세를 취해요.
A fast car may pose a threat today.,빠른 차가 오늘 위협을 제기할 수 있어요.
The dancer held a pretty pose on stage.,댄서는 무대 위에서 예쁜 자세를 유지했어요.
I will position the red chairs in order.,저는 빨간 의자들을 순서대로 배치할 거예요.
Please check your current position on this map.,이 지도에서 너의 현재 위치를 확인해 봐요.
My honest position supports everyone in our group.,나의 솔직한 입장은 우리 모두에게 큰 도움을 줘요.
She got a good position at her school.,그녀는 학교에서 좋은 지위를 얻었어요.
Always keep your proper position and stand straight.,항상 올바른 자세를 유지하고 똑바로 서요.
My friend found a great position at school.,내 친구는 학교에서 좋은 일자리를 찾았어요.
She always has a positive view every day.,그녀는 항상 매일 긍정적인 견해를 가지고 있어요.
There is a good possibility of rain tomorrow.,내일 비 올 가능성이 보여요.
The new post office is near my school.,새 우체국은 내 학교 근처에 있어요.
I always write my postal code on forms.,나는 항상 양식에 우편번호를 적어요.
I made a new posting on my blog.,나는 내 블로그에 새 포스팅을 했어요.
I always eat a big potato with dinner.,나는 항상 큰 감자를 저녁으로 먹어요.
Friends happily share tasks for a potluck party.,친구들이 기쁘게 음식 준비를 분담하는 파티에요.
The potter makes small clay pots every day.,도공은 매일 작은 옹기장을 만들어요.
I found beautiful pottery at the old museum.,나는 오래된 박물관에서 아름다운 도자기를 발견했어요.
The generator powers the school lights every day.,발전기가 매일 학교 불빛에 전력을 공급해요.
We always power the machine with electric energy.,저희는 항상 기계에 전기를 공급해요.
The king holds great power to rule well.,왕은 잘 다스리기 위해 큰 권력을 가지고 있어요.
The power in our family makes us strong.,우리 가족의 힘이 우리를 강하게 해요.
The lion really is a very powerful animal.,사자는 정말로 매우 강력한 동물이에요.
Our wise leader is a very powerful person.,우리의 현명한 지도자는 매우 영향력 있는 사람이에요.
The athlete always pushes powerfully against the wind.,운동선수는 항상 바람에 강력하게 밀어내요.
Parents always praise their children when they try.,부모님들은 항상 아이들을 노력할 때 높이 평가해요.
Her shiny red ring is a precious gift.,그녀의 빛나는 빨간 반지는 귀중한 선물이예요.
The puppy runs precious fast around the park.,강아지가 공원에서 매우 빨리 달려요.
We predict the weather will be very sunny.,우리는 날씨가 매우 맑을 것으로 예측해요.
This sign clearly presents our new store location.,이 표지판은 우리 새로운 가게 위치를 분명히 나타내요.
I present my toy to my friend now.,나는 지금 내 친구에게 내 장난감을 보여줘요.
She will present her work to the teacher.,그녀는 선생님께 자신의 과제를 제출해요.
Our class always presents the film after lunch.,우리 반은 항상 점심 후에 영화를 상영해요.
I will present my homework to the teacher.,저는 숙제를 선생님께 제출할게요.
I got a lovely present from my friend.,나는 친구에게서 사랑스러운 선물을 받았어요.
Every present student listens carefully to the teacher.,모든 참석한 학생들이 선생님의 말을 주의 깊게 들어요.
The teacher gave a great presentation in class.,선생님이 수업에서 멋진 발표를 했어요.
We should preserve our park for future fun.,우리 공원을 미래를 위해 보존해요.
The president meets citizens in a warm event.,대통령은 시민들을 따뜻한 행사에서 만나요.
Our friendly club president always supports every member.,우리 친절한 동아리 회장은 항상 모든 회원을 도와요.
My school president greets every student each morning.,우리 학교 총장님은 매일 학생들을 인사해요.
The water pressure makes the hose very strong.,물의 압력이 호스를 매우 강하게 만들어요.
School pressure can bring too much stress sometimes.,학교의 압박이 때때로 큰 스트레스를 줄 수 있어요.
My pretty cat sleeps on the warm mat.,내 예쁜 고양이는 따뜻한 매트 위에서 자요.
My friend drives pretty fast on long roads.,제 친구는 꽤 빠르게 긴 도로에서 운전해요.
I always share a crunchy pretzel snack daily.,나는 항상 바삭한 프레첼 간식을 먹어요.
I always preview the lesson before school starts.,나는 항상 학교 수업 전에 예습해요.
I saw a movie preview before the show.,나는 공연 전에 영화 미리 보기를 봤어요.
She attended a preview of the new movie.,그녀는 새 영화의 시사회에 참석했어요.
My old favorite book is priceless for me.,내 옛날 좋아하는 책은 대단히 소중해요.
The young prince rules his peaceful small kingdom.,어린 왕자가 평화로운 작은 왕국을 다스려요.
The kind princess smiles in the big castle.,친절한 공주가 큰 성에서 웃고 있어요.
Our school principal always helps us every day.,우리 학교 교장은 항상 우리를 도와주세요.
The bank returns the principal to the borrower.,은행은 대출자에게 원금을 반환해요.
The principal is the main actor in school.,교장님은 학교의 주역이에요.
This is the principal reason for our trip.,이것은 우리 여행의 주요한 이유예요.
We always print our homework with the printer.,우리는 항상 숙제를 프린터로 인쇄해요.
My new shirt shows a bright print design.,내 새 셔츠는 밝은 무늬가 있어요.
The artist created a unique print art today.,그 멋진 화가는 오늘 독특한 판화를 잘 완성했어요.
Can you print out my homework assignment now?,저의 숙제를 지금 인쇄해 주세요.
The printer works like a skilled printing operator.,프린터는 숙련된 인쇄업자처럼 작동해요.
The hard math problem confused every young student.,어려운 수학 문제는 모든 어린 학생들을 혼란스럽게 했어요.
The new product is very colorful and fun.,새로운 제품은 매우 알록달록하고 재미있어요.
Our factory production makes goods for our town.,우리 공장 생산은 우리 동네에 물건을 만들어요.
The film production is fun and very creative.,영화 제작은 재미있고 매우 창의적이에요.
This field is very productive for growing foods.,이 밭은 음식을 재배하기에 아주 비옥해요.
My quiet morning study time is always productive.,내 조용한 아침 공부 시간은 항상 생산적이에요.
The professor always explains science at school today.,교수님은 항상 과학을 오늘 학교에서 설명해요.
Our school has a fun computer program today.,우리 학교에는 재미있는 컴퓨터 프로그램이 있어요.
The programmer makes fun computer programs every day.,프로그램 작성자는 매일 재미있는 컴퓨터 프로그램을 만들어요.
I project my bright smile in each picture.,나는 각 사진에 환한 미소를 보여주어요.
The projector projects bright images on our wall.,프로젝터가 우리 벽에 밝은 이미지를 투사해요.
They project a new rocket high into space.,그들은 새로운 로켓을 높이 발사해요.
She plans a fun project for her school.,그녀는 학교를 위한 재미있는 계획을 세워요.
I work on my project every school day.,나는 매일 학교에서 과제를 해요.
She is a promising singer in our school.,그녀는 우리 학교에 유망한 가수가 있어요.
He always does his homework properly each day.,그는 매일 숙제를 적당하게 해요.
You must do it properly every single day.,너는 매일 하루 꼭 제대로 해야 해요.
Eggs provide protein for our healthy growing bodies.,계란은 우리 건강하게 자라는 몸에 단백질을 줘요.
A good proverb always teaches wisdom to everyone.,좋은 속담은 항상 모두에게 지혜를 가르쳐요.
Many people happily use public transportation for school.,많은 사람들이 학교에 대중교통을 사용해요.
Our new school publication was printed last Monday.,우리 새 학교 출판물이 지난 월요일에 나왔어요.
Our school will publish a new picture book.,우리 학교는 새 그림책을 출판할 거예요.
The publisher prints very nice books every day.,출판사는 매일 아주 좋은 책을 출판해요.
Bad mean words can pull down your smile.,나쁜 못된 말은 네 미소를 좌절시킬 수 있어요.
She asked him to pull down the ladder.,그녀는 사다리를 끌어 내리라고 부탁했어요.
The storm can pull down many houses quickly.,폭풍은 많은 집들을 빠르게 허물어요.
The storm can pull down many tall trees.,폭풍이 많은 키 큰 나무들을 무너뜨릴 수 있어요.
We help pull out weeds in the garden.,우리는 정원에서 잡초를 뽑아요.
I always pull out my pencil for drawing.,나는 항상 그림을 그리기 위해 연필을 꺼내요.
Drivers must pull over when police signal them.,경찰이 신호하면 운전자는 차를 한쪽에 대요.
Lively music can pump up our happy dance.,활기찬 음악이 우리 행복한 댄스를 퍼 올려요.
I pump up my red bike tire today.,오늘 나는 빨간 자전거 타이어에 공기를 주입해요.
Our coach will pump up the whole team.,우리 코치가 전체 팀을 강화해요.
My kind mom bought a large pumpkin today.,우리 엄마가 큰 호박을 샀어요.
The boxer can punch his tough opponent quickly.,복서가 그의 강한 상대를 주먹으로 빠르게 칠 수 있어요.
The punch makes neat small holes in paper.,펀치는 종이에 깔끔한 구멍을 뚫어요.
The small puppet sings a happy little tune.,작은 꼭두각시가 행복한 작은 곡을 불러요.
My cute little puppy loves to play outside.,내 귀여운 작은 강아지는 밖에서 놀아요.
The girl found her purse under the bed.,그 소녀는 침대 밑에서 지갑을 찾았어요.
Dogs pursue small rabbits through the green park.,강아지들이 작은 토끼를 녹색 공원을 지나요.
Scientists pursue research to find effective new cures.,과학자들은 효과적인 새로운 치료법을 찾기 위해 연구를 수행해요.
She will pursue her bright dream with passion.,그녀는 밝은 꿈을 열심히 추구해요.
Please push the little red doorbell button gently.,부디 작은 빨간 초인종 버튼을 부드럽게 눌러요.
My teacher pushes me hard to study daily.,선생님께서 저를 열심히 공부하도록 독려해요.
I push the ball gently with my hand.,나는 오늘 학교에서 작은 공을 부드럽게 힘주어 밀어요.
My teacher always pushes us o learn English.,우리 선생님은 항상 우리를 영어 공부하도록 강요해요.
A strong push helps start the fun race.,강한 추진이 즐거운 경주를 시작해요.
I push down the red button every day.,나는 매일 빨간 버튼을 꼭 눌러요.
Tom will slowly push down the heavy box.,Tom은 천천히 무거운 상자를 밀어뜨릴 거예요.
I will put my keys on the table.,나는 내 열쇠를 탁자 위에 두어요.
Please put the colorful sticker on your notebook.,컬러풀한 스티커를 노트에 붙여요.
I always put my toy in the box.,나는 항상 내 장난감을 상자에 넣어요.
Stealing from others can put you in danger.,남의 물건 훔치면 너를 위험에 빠트릴 수 있어요.
I will put aside all garbage after dinner.,나는 저녁 후에 모든 쓰레기를 버리도록 할 거예요.
She put aside her toys to the side.,그녀는 장난감을 한쪽으로 치워놓았어요.
I always put aside money for my future.,나는 항상 미래를 위해 돈을 저축해요.
I always put effort into my school work.,저는 항상 학교 공부에 노력을 기울여요.
She puts off her lessons until next week.,그녀는 다음 주까지 수업을 미루어요.
Our profits can easily put on steady growth.,우리의 이익은 쉽게 꾸준히 증가할 수 있어요.
The school will put on a fun play.,학교에서 재미있는 연극을 상연할 거예요.
I always put on my warm blue sweater.,나는 항상 따뜻한 파란색 스웨터를 입어요.
Please put on extra lemon in your water.,물에 레몬을 첨가해 주세요.
I always put on sunscreen every sunny day.,나는 항상 맑은 날에 자외선 차단제를 발라요.
They put up a board on the wall.,그들은 벽에 게시판을 붙였어요.
They put up a tent near the park.,그들은 공원 근처에 텐트를 세워요.
We quickly put up our small tent today.,우리는 오늘 작은 텐트를 빨리 세워요.
Please put up the picture on the board.,그림을 게시판에 붙이세요.
She cannot put up with those loud sounds.,그녀는 그 시끄러운 소리를 견딜 수 없어요.
My dog seemed puzzled by his new toy.,내 강아지는 새 장난감 때문에 어리둥절해했어요.
She often buys a small quantity of milk.,그녀는 자주 작은 양의 우유를 사요.
The queen is wearing a lovely golden crown.,여왕이 예쁜 황금 왕관을 쓰고 있어요.
We always question each story that sounds odd.,우리는 항상 이상하게 들리는 이야기를 의심해요.
She politely asked a question during math class.,그녀는 수학 수업 중에 정중하게 질문을 했어요.
The shop sells a quick-selling toy every day.,그 가게는 빨리 팔리는 장난감을 매일 팔아요.
The cat quickly jumped over the small wall.,고양이가 빨리 작은 담을 뛰어넘었어요.
The mother will quiet the crying baby soon.,엄마가 우는 아기를 곧 진정시켜요.
The class is always quiet during the lesson.,수업 중 반은 언제나 조용해요.
The small cat walked quietly around the garden.,작은 고양이가 정원 주위를 조용히 걸었어요.
I sleep under a warm quilt at night.,나는 밤에 따뜻한 누비이불 아래서 자요.
The little rabbit hops in the green garden.,작은 토끼가 초록 정원에서 뛰어요.
My heart races when I run very fast.,내가 아주 빠르게 달릴 때 심장이 쿵쿵 뛰어요~요.
Children race home when school is finally over.,아이들이 수업 끝나고 집으로 급히 가요.
People kindly value every race in our community.,사람들은 우리 공동체에서 모든 인종을 소중하게 생각해요.
A loud racket made lots of noise today.,시끄러운 소란이 오늘 많이 들렸어요.
The young boy swung his bright blue racket.,어린 소년이 밝은 파란 라켓을 휘둘렀어요.
The airport uses radar to detect incoming planes.,공항은 레이더를 사용해 날아오는 비행기를 발견해요.
My friend always listens to the radio station.,내 친구는 항상 라디오 방송국을 들어요.
My family enjoys fun rafting on blue water.,우리 가족은 재미있는 래프팅을 즐겨요.
Rainfall fills our garden with clear water today.,오늘 우리 정원은 맑은 물로 강우가 채워요.
Many colorful animals happily live in the rainforest.,많은 화려한 동물들이 우림에서 행복하게 살아가요.
We use extra rainwater to water our garden.,우리는 여분의 빗물로 정원을 물 줘요.
Our team ranks first in the school contest.,우리 팀은 학교 대회에서 1등을 차지해요.
Teachers always rank all students by test scores.,선생님들은 항상 시험 점수로 모든 학생의 순위를 매기세요.
Students often achieve a good rank every semester.,학생들은 종종 좋은 등급을 받아요.
The soldier earned his rank with hard work.,군인은 열심히 노력하여 계급을 얻었어요.
I earned my rank in the class quickly.,저는 학급에서 제 순위를 빨리 얻었어요.
He likes to rap his favorite pop song.,그는 자신이 좋아하는 팝송을 랩으로 노래해요.
She drinks tea rather than coffee every morning.,그녀는 매일 아침 커피 대신에 차를 마셔요.
She always likes raw fruit for her breakfast.,그녀는 항상 아침에 날것의 과일을 좋아해요.
I always read a comic book every night.,나는 매일 밤 만화책을 읽어요.
The big sign read welcome to our school.,큰 간판에 '우리 학교에 오신 것을 환영합니다'라고 적혀 있어요.
The young reader happily reads books every day.,어린 독자가 매일 책을 즐겁게 읽어요.
I am ready to start my new game.,나는 새로운 게임을 시작할 준비가 되어 있어요.
The movie shows true reality in everyday life.,영화는 일상 속 진짜 현실을 보여줘요.
I really like playing soccer with my friends.,나는 정말로 친구들과 축구하는 것을 좋아해요.
Her careful reasoning helped her solve the puzzle.,그녀의 신중한 추리가 퍼즐을 풀도록 도왔어요.
They always use reasoning to solve big puzzles.,그들은 항상 추리를 사용하여 큰 퍼즐을 풀어요.
Please save the receipt for your future purchases.,미래의 구매를 위해 영수증을 보관해 주세요.
I ate my favorite pizza recently at school.,나는 최근에 학교에서 좋아하는 피자를 먹었어요.
The recording perfectly kept all our class songs.,녹음이 우리 반 노래들을 완벽하게 기록했어요.
We practice proper recycling every day at school.,우리는 매일 학교에서 올바르게 재활용해요.
I always put bottles in the recycling bin.,나는 항상 병들을 재활용 통에 넣어요.
My red plan can soon change our class.,나의 급진적인 계획이 곧 우리 반을 바꿀 수 있어요.
A tall reed grows slowly in the marsh.,키 큰 갈대가 늪에서 천천히 자라요.
Our small refrigerator keeps many vegetables and fruits.,우리 작은 냉장고가 많은 야채와 과일을 보관해요.
I happily received a refund for my purchase.,나는 구매에 대해 환불을 받았어요.
I really regret not trying my best today.,나는 정말 최선을 다하지 않은 것을 후회해요.
I exercise regularly to keep my body healthy.,나는 몸을 건강하게 유지하기 위해 규칙적으로 운동해요.
The teacher always stayed relaxed during our class.,선생님은 언제나 느긋하게 수업 중이세요.
I always feel very relaxed during summer evenings.,저는 여름 저녁에 항상 편안해요.
My teacher is very reliable for our class.,우리 선생님은 아주 믿을 수 있는 분이세요.
A warm bath can relieve your sore body.,따뜻한 목욕은 아픈 몸을 완화할 수 있어요.
Nurses relieve each other during the night shift.,간호사들은 밤에 서로 교대 근무해요.
Soft music can relieve some of your pain.,부드러운 음악은 당신의 고통을 없애줄 수 있어요.
A friendly hug can relieve worry at school.,친절한 포옹이 학교에서 걱정을 덜어줄 수 있어요.
I can rely on my best friend.,나는 내 친구에게 의지해요.
Only the remaining cookies are on the table.,오직 남아있는 쿠키들이 탁자 위에 있어요.
I always remember my first day at school.,나는 항상 학교 첫날을 기억해요.
The rental fee for our house is low.,우리 집 임대료는 낮아요.
I will repay my friend the money today.,나는 친구에게 오늘 돈을 갚을게요.
The machine worked repeatedly to create bright lights.,기계는 반복적으로 밝은 불빛을 만들었어요~요.
Students report their homework results to the teacher.,학생들이 숙제 결과를 선생님께 보고해요.
He must report his project at his school.,그는 학교에서 프로젝트를 발표해요.
I write a report for my school project.,나는 학교 프로젝트를 위해 보고서를 작성해요.
The reporter asked many questions about the event.,기자는 행사에 대해 많은 질문을 했어요.
Our best teacher chose him as class representative.,우리 최고의 선생님이 그를 학급 대표로 선택했어요.
Our friendly representative assists many customers every day.,우리의 친절한 직원이 많은 고객을 도와요.
Our new representative always helps our important customers.,우리의 새로운 담당자가 중요한 고객들을 항상 도와줘요.
The representative supports people in the parliament session.,국회의원은 국회에서 사람들을 지원해요.
This apple is truly representative of all fruits.,이 사과는 모든 과일을 대표하는 예시예요.
My friend bought an accurate reproduction painting today.,내 친구가 오늘 정확한 복제품 그림을 샀어요.
Many wild animals have their own reproduction system.,많은 야생 동물들이 자신만의 번식 방법이 있어요.
People in our republic cherish freedom and friendship.,우리 공화국 사람들은 자유와 우정을 소중히 여겨요.
English class is a requirement in our school.,영어 수업은 우리 학교에서 필수예요.
The teacher gave one clear requirement in class.,교사가 수업에서 한 가지 명확한 요구사항을 주었어요.
The kind researcher works in a small lab.,친절한 연구원은 작은 연구실에서 일해요.
The resident happily lives near our big park.,그 거주자는 우리 큰 공원 근처에 행복하게 살아요.
The resident always joins our fun city walks.,그 주민은 우리 즐거운 도시 산책에 항상 참여해요.
I show respect to every friend I meet.,나는 만나는 모든 친구를 고려해요.
My friend always gives a kind response today.,내 친구는 항상 친절한 응답을 줘요.
Every student must show their responsibility at home.,모든 학생들은 집에서 책임을 보여줘요.
My family often visits the restaurant each weekend.,우리 가족은 매주 주말에 식당을 방문해요.
The students feel restless before the art class.,학생들은 미술 수업 전 들떠 있어요.
The restless little dog quickly ran in circles.,가만히 있지 못하는 작은 강아지가 빨리 동그랗게 달렸어요.
The restless baby cannot sleep during cold nights.,불안한 아기는 차가운 밤에 잠을 못 자요.
Every young student quickly runs to the restroom.,모든 어린 학생은 빨리 화장실로 달려가요.
I will return my pen to the teacher.,나는 내 펜을 선생님께 돌려줄게요.
I will return to my school after holiday.,나는 방학 후에 내 학교로 돌아올 거예요.
My small shop earned a return this morning.,내 작은 가게 오늘 아침 좋은 수익 냈어요.
I got a return for my small toy.,나는 내 작은 장난감에 대해 환불을 받았어요.
Bring the reusable water bottle to our school.,재사용할 수 있는 물병을 우리 학교에 가져가요.
I always reuse bags to help the earth.,저는 항상 가방을 재사용해요.
The reviewer shares his honest opinion on music.,평론가가 음악에 대해 솔직한 의견을 나눠요.
Parents reward children when they help at home.,부모님은 아이들이 집에서 도와주면 보답해요.
The fun dance song follows a steady rhythm.,재미있는 댄스곡은 안정된 리듬을 따르어요.
The small band played a rhythmic catchy song.,작은 밴드는 리듬이 있는 노래를 연주했어요.
My uncle is rich and loves his dog.,내 삼촌은 부유하고 개를 사랑해요.
She paints with rich colors on big paper.,그녀는 큰 종이에 진한 색으로 그림을 그려요.
The chocolate cake is rich in tasty flavor.,초콜릿 케이크는 맛이 풍부해요.
She quickly solved a hard riddle in class.,그녀는 빠르게 교실에서 어려운 수수께끼를 풀었어요.
I ride a bike to school every day.,나는 자전거를 타요 매일 학교에 가요.
Every person has a right to work freely.,모든 사람은 자유롭게 일할 권리가 있어요.
The door on the right is very open.,오른쪽의 문은 매우 열려 있어요.
The right door always leads us to class.,맞는 문은 항상 우리를 교실로 데려다줘요.
Your answer is right when you check it.,네 답은 확인하면 옳은 거예요.
My sandwich is just right for school lunch.,내 샌드위치는 학교 점심에 딱 적당해요.
Walk right to the park and play outside.,바로 공원으로 걸어가서 밖에서 놀아요.
He went right home after his school day.,그는 학교 끝난 후 곧바로 집에 갔어요.
Please finish the task right away at home.,집에서 당장 과제를 끝내세요.
My phone always rings when I finish homework.,내 전화는 숙제 끝나면 항상 울려요.
The gold ring shines brightly under soft light.,금색 반지가 부드러운 빛 아래 빛나요.
I love eating my special risotto meal today.,나는 오늘 특별한 리조또 식사를 즐겨요.
My soccer team always meets a new rival.,내 축구 팀은 새로운 경쟁자를 만나요.
Our rival team always plays very well together.,우리 경쟁하는 팀은 항상 매우 잘 함께해요.
A long river flows gently through our town.,긴 강이 우리 마을을 부드럽게 흐르고 있어요.
We slowly walked on the quiet road today.,우리는 천천히 조용한 길을 걸었어요.
I always roast bread in my small oven.,나는 항상 내 작은 오븐에서 빵을 구워요.
The robber stole money from a small bank.,강도가 작은 은행에서 돈을 훔쳤어요.
My small robot helps clean up my room.,저의 작은 로봇이 방 청소를 도와요.
Many students love robotics in our great school.,많은 학생이 우리 멋진 학교에서 로봇 공학을 사랑해요.
Our new robotics system builds really cool machines.,우리의 새로운 로봇식의 시스템은 정말 멋진 기계를 만들어요.
My brother is a robotics engineer at work.,내 동생은 로보공학자예요.
The small rock sits quietly under the tree.,작은 바위가 나무 아래에 조용히 있어요.
I really love rock music at every show.,저는 매 쇼마다 록 음악을 정말 좋아해요.
My class enjoys rock-climbing at the school park.,우리 반은 학교 공원에서 암벽 등반을 즐겨요.
The boy found a long wooden rod today.,소년은 오늘 긴 나무 막대기를 찾았어요.
My kind teacher is my best role model.,저의 친절한 선생님은 최고의 본보기에요.
The red ball may roll away from me.,빨간 공이 내게서 굴러가요.
The red ball will roll down the hill.,빨간 공이 언덕 아래로 떨어질 거예요.
They quickly roll down the blinds each morning.,그들은 매일 아침 블라인드를 빨리 내려요.
The roller coaster excites kids at the park.,그 롤러코스터가 아이들을 즐겁게 해요.
This romantic movie makes my heart feel warm.,이 낭만적인 영화가 내 마음을 따뜻하게 해요.
My new room is clean and very cozy.,내 새로운 방은 깨끗하고 아주 아늑해요.
My small room gives me a new chance.,내 작은 방이 나에게 새로운 기회를 줘요.
There is room for extra fun at school.,학교에서 더 재미있는 놀이를 할 여지가 있어요.
A loud rooster crows on the farm daily.,시끄러운 수탉이 매일 농장에서 울어요.
My red bike has a very round seat.,내 빨간 자전거는 매우 둥근 좌석이에요.
"Today, he finished one round of work.","오늘, 그는 한 차례의 일을 끝냈어요."
A small rubber band holds my pencil together.,작은 고무줄이 내 연필을 묶어요.
The boy rudely answered the teacher during class.,소년이 수업 시간에 선생님께 무례하게 대답했어요.
My friend plays rugby at the school field.,내 친구는 학교 운동장에서 럭비를 해요.
I use a ruler for drawing straight lines.,나는 자를 사용해 직선을 그려요.
The kind ruler ruled his town very well.,친절한 통치자가 마을을 아주 잘 다스려요.
My friend spread a bad rumor in class.,내 친구가 교실에서 나쁜 소문을 퍼뜨렸어요.
The river always runs gently with clear water.,그 강은 항상 부드럽게 흐르며 맑은 물이에요.
Kids run fast in the park every day.,아이들은 공원에서 매일 빨리 달리어요.
Tom will run for our student council president.,톰은 우리 학생회 회장에 입후보해요.
My dad runs our fun store every day.,우리 아빠는 우리 재미있는 가게를 매일 운영해요.
The engine runs when the button is pressed.,엔진은 버튼을 누르면 돌아가요.
My dad runs the car very carefully today.,아빠는 오늘 차를 아주 조심히 몰아요.
Our favorite movie will run at the cinema.,우리의 좋아하는 영화가 영화관에서 상영해요.
My father runs a small shop near home.,우리 아버지는 집 근처의 작은 가게를 경영해요.
Our school play had a very long run.,우리 학교 연극은 아주 긴 장기공연이었어요.
The player quickly scored a run in baseball.,선수가 야구에서 득점했어요.
The frightened cat ran away from the dog.,겁먹은 고양이가 개에게서 도망갔어요.
I always run into my neighbor near school.,나는 학교 옆에서 우연히 이웃을 만나요~요.
I run into trouble at school every day.,나는 학교에서 곤경을 맞닥뜨려요.
The car may accidentally run into a tree.,자동차가 우연히 나무와 충돌할 수 있어요.
I quickly run out of milk every morning.,저는 매일 아침 우유가 다 떨어져요.
My nose is runny on a cold day.,추운 날에 내 코가 점액을 분비해요.
My nose is very runny because of allergies.,내 코가 매우 콧물이 흐르는 상태예요.
I will rush over to help you now.,나는 지금 즉시 달려가서 도와줄게요.
I rush to school when my class starts.,나는 수업이 시작될 때 학교로 달려가요.
The Russian cat sleeps on the warm bed.,러시아 고양이가 따뜻한 침대에서 자고 있어요.
Mothers sacrifice free time for better family life.,어머니는 더 나은 가족 생활을 위해 자유 시간을 희생해요.
I feel very sad when I miss home.,집이 그리워서 매우 슬퍼요.
The park is very safe for our picnic.,공원은 우리 소풍에 매우 안전해요.
They should always walk safely near the school.,그들은 항상 안전하게 학교 근처를 걸어가요.
We wear bright helmets for our safety everyday.,우리는 안전을 위해 밝은 헬멧을 매일 써요.
The school always ensures safety for every student.,학교는 항상 모든 학생의 안전을 보장해요.
The sailor rows fast on his small boat.,그 선원은 작은 배를 빠르게 저어요.
I often eat a fresh salad for lunch.,나는 보통 점심에 신선한 샐러드를 먹어요.
The store sale offers toys for low prices.,가게 할인판매가 장난감을 저렴하게 팔아요.
A friendly salesperson always helps many happy customers.,친절한 판매원은 항상 많은 행복 고객들을 도와줘요.
The small salmon swims in the clear river.,작은 연어가 맑은 강에서 수영해요.
I always add a little pinch of salt.,저는 항상 소금을 조금 넣어요.
Timmy always likes salt chips with his lemonade.,Timmy는 항상 소금이 든 칩을 레모네이드와 함께 좋아해요.
My two dogs have the same soft fur.,내 두 강아지는 같은 부드러운 털을 가지고 있어요.
I sand the old wooden chair every day.,나는 매일 천천히 오래된 나무 의자를 꼭 사포질해요.
"Children happily build castles with warm, soft sand.",아이들이 따뜻하고 부드러운 모래로 성을 짓어요.
I always enjoy a tasty sandwich for lunch.,나는 항상 점심에 맛있는 샌드위치를 점심에 즐겨요.
Reading interesting books always gives me great satisfaction.,흥미로운 책 읽기는 항상 큰 만족을 줘요.
Tom is very satisfied with his new toy.,톰은 새 장난감에 매우 만족스러워 해요.
We cook sausage with eggs for a sandwich.,우리는 달걀과 함께 샌드위치를 위해 소시지를 요리해요.
I always save my money for school lunch.,나는 항상 학교 점심을 위해 돈을 절약해요.
I always save my pocket money every day.,나는 항상 용돈을 아껴둬요.
We save money for  a fun school trip.,우리 모두 돈을 절약해 멋진 학교 소풍 준비해요.
I always save coins in my toy box.,나는 항상 동전을 장난감 상자에 저축해요.
Always save your work on your computer now.,항상 컴퓨터에 작업을 저장해요.
My family really practices saving money every month.,우리 가족은 매달 돈을 저축해요.
Smart families practice saving money every single day.,똑똑한 가족은 매일 돈을 절약해요.
